,minmax STEPS=1,minmax STEPS=3,minmax STEPS=6
GP-REGRESS,0.9528000000000001,0.9270777777777778,0.8815333333333333
STROGANOFF,0.9522666666666666,0.9309,0.8910555555555556
